system:index,date,rainfall,system:band_names,system:bands,.geo
1_20230101,2023-01-01,0.001078020473735249,,,"{""type"":""MultiPoint"",""coordinates"":[]}"
1_20230102,2023-01-02,0.0,,,"{""type"":""MultiPoint"",""coordinates"":[]}"
1_20230103,2023-01-03,0.00335241326162902,,,"{""type"":""MultiPoint"",""coordinates"":[]}"
1_20230104,2023-01-04,0.0,,,"{""type"":""MultiPoint"",""coordinates"":[]}"
1_20230105,2023-01-05,0.21664308885775263,,,"{""type"":""MultiPoint"",""coordinates"":[]}"
1_20230106,2023-01-06,0.28282324222591493,,,"{""type"":""MultiPoint"",""coordinates"":[]}"
1_20230107,2023-01-07,0.0,,,"{""type"":""MultiPoint"",""coordinates"":[]}"
1_20230108,2023-01-08,3.9638896921771283E-4,,,"{""type"":""MultiPoint"",""coordinates"":[]}"
1_20230109,2023-01-09,0.0168212490532466,,,"{""type"":""MultiPoint"",""coordinates"":[]}"
1_20230110,2023-01-10,0.016372603417523262,,,"{""type"":""MultiPoint"",""coordinates"":[]}"
1_20230111,2023-01-11,0.018223244495141656,,,"{""type"":""MultiPoint"",""coordinates"":[]}"
1_20230112,2023-01-12,0.051644091068405,,,"{""type"":""MultiPoint"",""coordinates"":[]}"
1_20230113,2023-01-13,0.04239138458901314,,,"{""type"":""MultiPoint"",""coordinates"":[]}"
1_20230114,2023-01-14,0.004383453711494388,,,"{""type"":""MultiPoint"",""coordinates"":[]}"
1_20230115,2023-01-15,0.17535850248694548,,,"{""type"":""MultiPoint"",""coordinates"":[]}"
1_20230116,2023-01-16,6.81983610597915E-4,,,"{""type"":""MultiPoint"",""coordinates"":[]}"
1_20230117,2023-01-17,0.03829921096423598,,,"{""type"":""MultiPoint"",""coordinates"":[]}"
1_20230118,2023-01-18,0.049100458305158405,,,"{""type"":""MultiPoint"",""coordinates"":[]}"
1_20230119,2023-01-19,0.007401407782270951,,,"{""type"":""MultiPoint"",""coordinates"":[]}"
1_20230120,2023-01-20,0.3186989853777752,,,"{""type"":""MultiPoint"",""coordinates"":[]}"
1_20230121,2023-01-21,0.47956424186264013,,,"{""type"":""MultiPoint"",""coordinates"":[]}"
1_20230122,2023-01-22,0.7878602826738732,,,"{""type"":""MultiPoint"",""coordinates"":[]}"
1_20230123,2023-01-23,1.1073833942408764,,,"{""type"":""MultiPoint"",""coordinates"":[]}"
1_20230124,2023-01-24,2.0065513762059166,,,"{""type"":""MultiPoint"",""coordinates"":[]}"
1_20230125,2023-01-25,0.2852400410351922,,,"{""type"":""MultiPoint"",""coordinates"":[]}"
1_20230126,2023-01-26,0.31837715253419946,,,"{""type"":""MultiPoint"",""coordinates"":[]}"
1_20230127,2023-01-27,0.2355448073367959,,,"{""type"":""MultiPoint"",""coordinates"":[]}"
1_20230128,2023-01-28,1.2182148773992065,,,"{""type"":""MultiPoint"",""coordinates"":[]}"
1_20230129,2023-01-29,0.46518651553500895,,,"{""type"":""MultiPoint"",""coordinates"":[]}"
1_20230130,2023-01-30,0.29609636263221994,,,"{""type"":""MultiPoint"",""coordinates"":[]}"
1_20230131,2023-01-31,0.1426355286523627,,,"{""type"":""MultiPoint"",""coordinates"":[]}"
1_20230201,2023-02-01,0.0,,,"{""type"":""MultiPoint"",""coordinates"":[]}"
1_20230202,2023-02-02,0.0,,,"{""type"":""MultiPoint"",""coordinates"":[]}"
1_20230203,2023-02-03,1.8397005362151246,,,"{""type"":""MultiPoint"",""coordinates"":[]}"
1_20230204,2023-02-04,2.482455060885886,,,"{""type"":""MultiPoint"",""coordinates"":[]}"
1_20230205,2023-02-05,1.7713408139980493,,,"{""type"":""MultiPoint"",""coordinates"":[]}"
1_20230206,2023-02-06,1.4735097889787314,,,"{""type"":""MultiPoint"",""coordinates"":[]}"
1_20230207,2023-02-07,2.332182005040731,,,"{""type"":""MultiPoint"",""coordinates"":[]}"
1_20230208,2023-02-08,1.4419755497373874,,,"{""type"":""MultiPoint"",""coordinates"":[]}"
1_20230209,2023-02-09,0.021526642317874045,,,"{""type"":""MultiPoint"",""coordinates"":[]}"
1_20230210,2023-02-10,9.077516475872586E-4,,,"{""type"":""MultiPoint"",""coordinates"":[]}"
1_20230211,2023-02-11,2.6822220863505637E-4,,,"{""type"":""MultiPoint"",""coordinates"":[]}"
1_20230212,2023-02-12,0.14090899160438977,,,"{""type"":""MultiPoint"",""coordinates"":[]}"
1_20230213,2023-02-13,0.009040698279220508,,,"{""type"":""MultiPoint"",""coordinates"":[]}"
1_20230214,2023-02-14,0.3357069233510778,,,"{""type"":""MultiPoint"",""coordinates"":[]}"
1_20230215,2023-02-15,0.7174477444775569,,,"{""type"":""MultiPoint"",""coordinates"":[]}"
1_20230216,2023-02-16,0.05439061011555922,,,"{""type"":""MultiPoint"",""coordinates"":[]}"
1_20230217,2023-02-17,0.3448122492001683,,,"{""type"":""MultiPoint"",""coordinates"":[]}"
1_20230218,2023-02-18,0.002107214423086175,,,"{""type"":""MultiPoint"",""coordinates"":[]}"
1_20230219,2023-02-19,2.7086737487125323E-4,,,"{""type"":""MultiPoint"",""coordinates"":[]}"
1_20230220,2023-02-20,0.0,,,"{""type"":""MultiPoint"",""coordinates"":[]}"
1_20230221,2023-02-21,9.724016185299893E-6,,,"{""type"":""MultiPoint"",""coordinates"":[]}"
1_20230222,2023-02-22,0.0028941527631348943,,,"{""type"":""MultiPoint"",""coordinates"":[]}"
1_20230223,2023-02-23,0.07356238755776431,,,"{""type"":""MultiPoint"",""coordinates"":[]}"
1_20230224,2023-02-24,2.0630351000900835,,,"{""type"":""MultiPoint"",""coordinates"":[]}"
1_20230225,2023-02-25,3.0829179708527676,,,"{""type"":""MultiPoint"",""coordinates"":[]}"
1_20230226,2023-02-26,1.3277949475058597,,,"{""type"":""MultiPoint"",""coordinates"":[]}"
1_20230227,2023-02-27,1.199625697778324,,,"{""type"":""MultiPoint"",""coordinates"":[]}"
1_20230228,2023-02-28,0.2275607704376039,,,"{""type"":""MultiPoint"",""coordinates"":[]}"
1_20230301,2023-03-01,1.541160232810494,,,"{""type"":""MultiPoint"",""coordinates"":[]}"
1_20230302,2023-03-02,0.7049274907197032,,,"{""type"":""MultiPoint"",""coordinates"":[]}"
1_20230303,2023-03-03,2.9680619668667956,,,"{""type"":""MultiPoint"",""coordinates"":[]}"
1_20230304,2023-03-04,1.9746064634128486,,,"{""type"":""MultiPoint"",""coordinates"":[]}"
1_20230305,2023-03-05,2.96119224626529,,,"{""type"":""MultiPoint"",""coordinates"":[]}"
1_20230306,2023-03-06,2.02331069821916,,,"{""type"":""MultiPoint"",""coordinates"":[]}"
1_20230307,2023-03-07,6.339040558172188,,,"{""type"":""MultiPoint"",""coordinates"":[]}"
1_20230308,2023-03-08,1.9531681722811498,,,"{""type"":""MultiPoint"",""coordinates"":[]}"
1_20230309,2023-03-09,4.432829804985905,,,"{""type"":""MultiPoint"",""coordinates"":[]}"
1_20230310,2023-03-10,2.4338430976584897,,,"{""type"":""MultiPoint"",""coordinates"":[]}"
1_20230311,2023-03-11,5.246331417114564,,,"{""type"":""MultiPoint"",""coordinates"":[]}"
1_20230312,2023-03-12,5.733877555969891,,,"{""type"":""MultiPoint"",""coordinates"":[]}"
1_20230313,2023-03-13,0.15204738007889973,,,"{""type"":""MultiPoint"",""coordinates"":[]}"
1_20230314,2023-03-14,0.7511056465741953,,,"{""type"":""MultiPoint"",""coordinates"":[]}"
1_20230315,2023-03-15,0.8011025198235269,,,"{""type"":""MultiPoint"",""coordinates"":[]}"
1_20230316,2023-03-16,0.11650931958426619,,,"{""type"":""MultiPoint"",""coordinates"":[]}"
1_20230317,2023-03-17,0.6544131591070478,,,"{""type"":""MultiPoint"",""coordinates"":[]}"
1_20230318,2023-03-18,4.42070151215269,,,"{""type"":""MultiPoint"",""coordinates"":[]}"
1_20230319,2023-03-19,0.38848000957086326,,,"{""type"":""MultiPoint"",""coordinates"":[]}"
1_20230320,2023-03-20,2.8662609740686764,,,"{""type"":""MultiPoint"",""coordinates"":[]}"
1_20230321,2023-03-21,2.1384130540515387,,,"{""type"":""MultiPoint"",""coordinates"":[]}"
1_20230322,2023-03-22,10.049799573940886,,,"{""type"":""MultiPoint"",""coordinates"":[]}"
1_20230323,2023-03-23,1.7972434743403471,,,"{""type"":""MultiPoint"",""coordinates"":[]}"
1_20230324,2023-03-24,4.503365078085333,,,"{""type"":""MultiPoint"",""coordinates"":[]}"
1_20230325,2023-03-25,0.5567741098080129,,,"{""type"":""MultiPoint"",""coordinates"":[]}"
1_20230326,2023-03-26,2.108218471083966,,,"{""type"":""MultiPoint"",""coordinates"":[]}"
1_20230327,2023-03-27,2.610799157713651,,,"{""type"":""MultiPoint"",""coordinates"":[]}"
1_20230328,2023-03-28,1.9276726324758562,,,"{""type"":""MultiPoint"",""coordinates"":[]}"
1_20230329,2023-03-29,4.702291748970053,,,"{""type"":""MultiPoint"",""coordinates"":[]}"
1_20230330,2023-03-30,4.04829490200759,,,"{""type"":""MultiPoint"",""coordinates"":[]}"
1_20230331,2023-03-31,5.181161585133872,,,"{""type"":""MultiPoint"",""coordinates"":[]}"
1_20230401,2023-04-01,3.3963952751797475,,,"{""type"":""MultiPoint"",""coordinates"":[]}"
1_20230402,2023-04-02,2.2896194622265256,,,"{""type"":""MultiPoint"",""coordinates"":[]}"
1_20230403,2023-04-03,3.364635232325694,,,"{""type"":""MultiPoint"",""coordinates"":[]}"
1_20230404,2023-04-04,1.3409316416300994,,,"{""type"":""MultiPoint"",""coordinates"":[]}"
1_20230405,2023-04-05,2.1619031213375575,,,"{""type"":""MultiPoint"",""coordinates"":[]}"
1_20230406,2023-04-06,4.018978509003004,,,"{""type"":""MultiPoint"",""coordinates"":[]}"
1_20230407,2023-04-07,5.701575518798548,,,"{""type"":""MultiPoint"",""coordinates"":[]}"
1_20230408,2023-04-08,7.673110318365943,,,"{""type"":""MultiPoint"",""coordinates"":[]}"
1_20230409,2023-04-09,4.795690531829482,,,"{""type"":""MultiPoint"",""coordinates"":[]}"
1_20230410,2023-04-10,3.602265346145445,,,"{""type"":""MultiPoint"",""coordinates"":[]}"
1_20230411,2023-04-11,1.7456423824466163,,,"{""type"":""MultiPoint"",""coordinates"":[]}"
1_20230412,2023-04-12,2.9334939441627474,,,"{""type"":""MultiPoint"",""coordinates"":[]}"
1_20230413,2023-04-13,3.4919829428281903,,,"{""type"":""MultiPoint"",""coordinates"":[]}"
1_20230414,2023-04-14,5.165059237030342,,,"{""type"":""MultiPoint"",""coordinates"":[]}"
1_20230415,2023-04-15,4.019421075886876,,,"{""type"":""MultiPoint"",""coordinates"":[]}"
1_20230416,2023-04-16,4.36572427589772,,,"{""type"":""MultiPoint"",""coordinates"":[]}"
1_20230417,2023-04-17,4.35747875459167,,,"{""type"":""MultiPoint"",""coordinates"":[]}"
1_20230418,2023-04-18,4.9812026187815,,,"{""type"":""MultiPoint"",""coordinates"":[]}"
1_20230419,2023-04-19,7.107636288491871,,,"{""type"":""MultiPoint"",""coordinates"":[]}"
1_20230420,2023-04-20,0.8786847708240569,,,"{""type"":""MultiPoint"",""coordinates"":[]}"
1_20230421,2023-04-21,0.5589641572656345,,,"{""type"":""MultiPoint"",""coordinates"":[]}"
1_20230422,2023-04-22,0.8922793981690531,,,"{""type"":""MultiPoint"",""coordinates"":[]}"
1_20230423,2023-04-23,7.178691044082149,,,"{""type"":""MultiPoint"",""coordinates"":[]}"
1_20230424,2023-04-24,5.19870440391553,,,"{""type"":""MultiPoint"",""coordinates"":[]}"
1_20230425,2023-04-25,2.3834253064201527,,,"{""type"":""MultiPoint"",""coordinates"":[]}"
1_20230426,2023-04-26,8.524356976418016,,,"{""type"":""MultiPoint"",""coordinates"":[]}"
1_20230427,2023-04-27,7.300354092394637,,,"{""type"":""MultiPoint"",""coordinates"":[]}"
1_20230428,2023-04-28,3.5795138895288487,,,"{""type"":""MultiPoint"",""coordinates"":[]}"
1_20230429,2023-04-29,2.757557565328494,,,"{""type"":""MultiPoint"",""coordinates"":[]}"
1_20230430,2023-04-30,3.709560287150122,,,"{""type"":""MultiPoint"",""coordinates"":[]}"
1_20230501,2023-05-01,1.7321537289178035,,,"{""type"":""MultiPoint"",""coordinates"":[]}"
1_20230502,2023-05-02,2.1560951037345517,,,"{""type"":""MultiPoint"",""coordinates"":[]}"
1_20230503,2023-05-03,0.6777558851264119,,,"{""type"":""MultiPoint"",""coordinates"":[]}"
1_20230504,2023-05-04,3.668629777982704,,,"{""type"":""MultiPoint"",""coordinates"":[]}"
1_20230505,2023-05-05,5.3869861252874,,,"{""type"":""MultiPoint"",""coordinates"":[]}"
1_20230506,2023-05-06,8.93107131539165,,,"{""type"":""MultiPoint"",""coordinates"":[]}"
1_20230507,2023-05-07,1.5719086547909675,,,"{""type"":""MultiPoint"",""coordinates"":[]}"
1_20230508,2023-05-08,3.280500206704125,,,"{""type"":""MultiPoint"",""coordinates"":[]}"
1_20230509,2023-05-09,4.726699354191234,,,"{""type"":""MultiPoint"",""coordinates"":[]}"
1_20230510,2023-05-10,4.7458115750425875,,,"{""type"":""MultiPoint"",""coordinates"":[]}"
1_20230511,2023-05-11,1.9875357976917516,,,"{""type"":""MultiPoint"",""coordinates"":[]}"
1_20230512,2023-05-12,2.816916464155748,,,"{""type"":""MultiPoint"",""coordinates"":[]}"
1_20230513,2023-05-13,5.1860568116899595,,,"{""type"":""MultiPoint"",""coordinates"":[]}"
1_20230514,2023-05-14,7.088364902443528,,,"{""type"":""MultiPoint"",""coordinates"":[]}"
1_20230515,2023-05-15,15.438318588543199,,,"{""type"":""MultiPoint"",""coordinates"":[]}"
1_20230516,2023-05-16,0.07923806027878899,,,"{""type"":""MultiPoint"",""coordinates"":[]}"
1_20230517,2023-05-17,0.6340394631931685,,,"{""type"":""MultiPoint"",""coordinates"":[]}"
1_20230518,2023-05-18,16.411427674627742,,,"{""type"":""MultiPoint"",""coordinates"":[]}"
1_20230519,2023-05-19,3.6083859951456274,,,"{""type"":""MultiPoint"",""coordinates"":[]}"
1_20230520,2023-05-20,4.974951979723071,,,"{""type"":""MultiPoint"",""coordinates"":[]}"
1_20230521,2023-05-21,3.4847813952134445,,,"{""type"":""MultiPoint"",""coordinates"":[]}"
1_20230522,2023-05-22,3.1279825012272213,,,"{""type"":""MultiPoint"",""coordinates"":[]}"
1_20230523,2023-05-23,0.3937408629782659,,,"{""type"":""MultiPoint"",""coordinates"":[]}"
1_20230524,2023-05-24,5.009407197539429,,,"{""type"":""MultiPoint"",""coordinates"":[]}"
1_20230525,2023-05-25,3.6655960016549956,,,"{""type"":""MultiPoint"",""coordinates"":[]}"
1_20230526,2023-05-26,1.2004612604843556,,,"{""type"":""MultiPoint"",""coordinates"":[]}"
1_20230527,2023-05-27,8.31715071426581,,,"{""type"":""MultiPoint"",""coordinates"":[]}"
1_20230528,2023-05-28,0.7817409981866293,,,"{""type"":""MultiPoint"",""coordinates"":[]}"
1_20230529,2023-05-29,0.922887144557277,,,"{""type"":""MultiPoint"",""coordinates"":[]}"
1_20230530,2023-05-30,0.5285158711970838,,,"{""type"":""MultiPoint"",""coordinates"":[]}"
1_20230531,2023-05-31,0.8096352906029582,,,"{""type"":""MultiPoint"",""coordinates"":[]}"
1_20230601,2023-06-01,13.104150093571374,,,"{""type"":""MultiPoint"",""coordinates"":[]}"
1_20230602,2023-06-02,8.163379765386708,,,"{""type"":""MultiPoint"",""coordinates"":[]}"
1_20230603,2023-06-03,3.2691586098934327,,,"{""type"":""MultiPoint"",""coordinates"":[]}"
1_20230604,2023-06-04,6.49153787197509,,,"{""type"":""MultiPoint"",""coordinates"":[]}"
1_20230605,2023-06-05,3.0878145298102764,,,"{""type"":""MultiPoint"",""coordinates"":[]}"
1_20230606,2023-06-06,10.55046274906409,,,"{""type"":""MultiPoint"",""coordinates"":[]}"
1_20230607,2023-06-07,1.6011145623717828,,,"{""type"":""MultiPoint"",""coordinates"":[]}"
1_20230608,2023-06-08,2.6588245621713678,,,"{""type"":""MultiPoint"",""coordinates"":[]}"
1_20230609,2023-06-09,1.465795163865952,,,"{""type"":""MultiPoint"",""coordinates"":[]}"
1_20230610,2023-06-10,16.384019564530533,,,"{""type"":""MultiPoint"",""coordinates"":[]}"
1_20230611,2023-06-11,9.346759844098369,,,"{""type"":""MultiPoint"",""coordinates"":[]}"
1_20230612,2023-06-12,0.13107087251105437,,,"{""type"":""MultiPoint"",""coordinates"":[]}"
1_20230613,2023-06-13,0.0029868524074544824,,,"{""type"":""MultiPoint"",""coordinates"":[]}"
1_20230614,2023-06-14,0.920952840395769,,,"{""type"":""MultiPoint"",""coordinates"":[]}"
1_20230615,2023-06-15,5.6905809065971855,,,"{""type"":""MultiPoint"",""coordinates"":[]}"
1_20230616,2023-06-16,1.9111203749063337,,,"{""type"":""MultiPoint"",""coordinates"":[]}"
1_20230617,2023-06-17,0.028386720150274283,,,"{""type"":""MultiPoint"",""coordinates"":[]}"
1_20230618,2023-06-18,3.0360083462057186,,,"{""type"":""MultiPoint"",""coordinates"":[]}"
1_20230619,2023-06-19,15.92941774631749,,,"{""type"":""MultiPoint"",""coordinates"":[]}"
1_20230620,2023-06-20,11.931972770254086,,,"{""type"":""MultiPoint"",""coordinates"":[]}"
1_20230621,2023-06-21,23.014136487233376,,,"{""type"":""MultiPoint"",""coordinates"":[]}"
1_20230622,2023-06-22,7.443745403472503,,,"{""type"":""MultiPoint"",""coordinates"":[]}"
1_20230623,2023-06-23,4.287544867219989,,,"{""type"":""MultiPoint"",""coordinates"":[]}"
1_20230624,2023-06-24,12.726364804845089,,,"{""type"":""MultiPoint"",""coordinates"":[]}"
1_20230625,2023-06-25,3.3685317090468914,,,"{""type"":""MultiPoint"",""coordinates"":[]}"
1_20230626,2023-06-26,0.25803179557135036,,,"{""type"":""MultiPoint"",""coordinates"":[]}"
1_20230627,2023-06-27,0.3140999663415021,,,"{""type"":""MultiPoint"",""coordinates"":[]}"
1_20230628,2023-06-28,11.962296222809739,,,"{""type"":""MultiPoint"",""coordinates"":[]}"
1_20230629,2023-06-29,4.561323680111377,,,"{""type"":""MultiPoint"",""coordinates"":[]}"
1_20230630,2023-06-30,0.18258713903921794,,,"{""type"":""MultiPoint"",""coordinates"":[]}"
1_20230701,2023-07-01,5.549443851912413,,,"{""type"":""MultiPoint"",""coordinates"":[]}"
1_20230702,2023-07-02,21.255481648688754,,,"{""type"":""MultiPoint"",""coordinates"":[]}"
1_20230703,2023-07-03,3.869310654397289,,,"{""type"":""MultiPoint"",""coordinates"":[]}"
1_20230704,2023-07-04,9.992494065847657,,,"{""type"":""MultiPoint"",""coordinates"":[]}"
1_20230705,2023-07-05,3.3727185077824355,,,"{""type"":""MultiPoint"",""coordinates"":[]}"
1_20230706,2023-07-06,0.2262376275665746,,,"{""type"":""MultiPoint"",""coordinates"":[]}"
1_20230707,2023-07-07,4.6973345345256945,,,"{""type"":""MultiPoint"",""coordinates"":[]}"
1_20230708,2023-07-08,21.967808150325553,,,"{""type"":""MultiPoint"",""coordinates"":[]}"
1_20230709,2023-07-09,5.3467061364950155,,,"{""type"":""MultiPoint"",""coordinates"":[]}"
1_20230710,2023-07-10,8.382655174782775,,,"{""type"":""MultiPoint"",""coordinates"":[]}"
1_20230711,2023-07-11,0.03990250028253409,,,"{""type"":""MultiPoint"",""coordinates"":[]}"
1_20230712,2023-07-12,22.598757952537305,,,"{""type"":""MultiPoint"",""coordinates"":[]}"
1_20230713,2023-07-13,0.21986741236078403,,,"{""type"":""MultiPoint"",""coordinates"":[]}"
1_20230714,2023-07-14,0.10104006412819307,,,"{""type"":""MultiPoint"",""coordinates"":[]}"
1_20230715,2023-07-15,13.734832467005342,,,"{""type"":""MultiPoint"",""coordinates"":[]}"
1_20230716,2023-07-16,10.158571832166922,,,"{""type"":""MultiPoint"",""coordinates"":[]}"
1_20230717,2023-07-17,12.805395610947226,,,"{""type"":""MultiPoint"",""coordinates"":[]}"
1_20230718,2023-07-18,5.438235666764449,,,"{""type"":""MultiPoint"",""coordinates"":[]}"
1_20230719,2023-07-19,12.906582507814646,,,"{""type"":""MultiPoint"",""coordinates"":[]}"
1_20230720,2023-07-20,0.25091287756422803,,,"{""type"":""MultiPoint"",""coordinates"":[]}"
1_20230721,2023-07-21,1.584654490037575,,,"{""type"":""MultiPoint"",""coordinates"":[]}"
1_20230722,2023-07-22,3.8743951660923037,,,"{""type"":""MultiPoint"",""coordinates"":[]}"
1_20230723,2023-07-23,1.2517281918693857,,,"{""type"":""MultiPoint"",""coordinates"":[]}"
1_20230724,2023-07-24,1.9104540595440558,,,"{""type"":""MultiPoint"",""coordinates"":[]}"
1_20230725,2023-07-25,1.6128054700928547,,,"{""type"":""MultiPoint"",""coordinates"":[]}"
1_20230726,2023-07-26,0.013093618196079999,,,"{""type"":""MultiPoint"",""coordinates"":[]}"
1_20230727,2023-07-27,1.85336825093044,,,"{""type"":""MultiPoint"",""coordinates"":[]}"
1_20230728,2023-07-28,11.376770599021489,,,"{""type"":""MultiPoint"",""coordinates"":[]}"
1_20230729,2023-07-29,3.3676095231908407,,,"{""type"":""MultiPoint"",""coordinates"":[]}"
1_20230730,2023-07-30,5.414988969034467,,,"{""type"":""MultiPoint"",""coordinates"":[]}"
1_20230731,2023-07-31,11.14376639720136,,,"{""type"":""MultiPoint"",""coordinates"":[]}"
1_20230801,2023-08-01,14.104573896314077,,,"{""type"":""MultiPoint"",""coordinates"":[]}"
1_20230802,2023-08-02,8.280963567405657,,,"{""type"":""MultiPoint"",""coordinates"":[]}"
1_20230803,2023-08-03,0.0,,,"{""type"":""MultiPoint"",""coordinates"":[]}"
1_20230804,2023-08-04,0.24109953699718847,,,"{""type"":""MultiPoint"",""coordinates"":[]}"
1_20230805,2023-08-05,3.5445284241009976,,,"{""type"":""MultiPoint"",""coordinates"":[]}"
1_20230806,2023-08-06,2.1746930969671734,,,"{""type"":""MultiPoint"",""coordinates"":[]}"
1_20230807,2023-08-07,3.193098649110173,,,"{""type"":""MultiPoint"",""coordinates"":[]}"
1_20230808,2023-08-08,5.465473793323688,,,"{""type"":""MultiPoint"",""coordinates"":[]}"
1_20230809,2023-08-09,11.36337515050795,,,"{""type"":""MultiPoint"",""coordinates"":[]}"
1_20230810,2023-08-10,0.5448865626381485,,,"{""type"":""MultiPoint"",""coordinates"":[]}"
1_20230811,2023-08-11,0.23332947212639196,,,"{""type"":""MultiPoint"",""coordinates"":[]}"
1_20230812,2023-08-12,1.1141317193619067,,,"{""type"":""MultiPoint"",""coordinates"":[]}"
1_20230813,2023-08-13,3.0069477849319926,,,"{""type"":""MultiPoint"",""coordinates"":[]}"
1_20230814,2023-08-14,3.202601041304014,,,"{""type"":""MultiPoint"",""coordinates"":[]}"
1_20230815,2023-08-15,0.08880925596660426,,,"{""type"":""MultiPoint"",""coordinates"":[]}"
1_20230816,2023-08-16,0.5813318702795527,,,"{""type"":""MultiPoint"",""coordinates"":[]}"
1_20230817,2023-08-17,35.18244888800905,,,"{""type"":""MultiPoint"",""coordinates"":[]}"
1_20230818,2023-08-18,7.6605372913049345,,,"{""type"":""MultiPoint"",""coordinates"":[]}"
1_20230819,2023-08-19,3.8052283559487403,,,"{""type"":""MultiPoint"",""coordinates"":[]}"
1_20230820,2023-08-20,2.396792239254792,,,"{""type"":""MultiPoint"",""coordinates"":[]}"
1_20230821,2023-08-21,1.922500472015529,,,"{""type"":""MultiPoint"",""coordinates"":[]}"
1_20230822,2023-08-22,1.4395032542904747,,,"{""type"":""MultiPoint"",""coordinates"":[]}"
1_20230823,2023-08-23,9.065895393063135,,,"{""type"":""MultiPoint"",""coordinates"":[]}"
1_20230824,2023-08-24,0.6092231780423608,,,"{""type"":""MultiPoint"",""coordinates"":[]}"
1_20230825,2023-08-25,0.060689390864275425,,,"{""type"":""MultiPoint"",""coordinates"":[]}"
1_20230826,2023-08-26,7.6421867725932495,,,"{""type"":""MultiPoint"",""coordinates"":[]}"
1_20230827,2023-08-27,2.74038706335453,,,"{""type"":""MultiPoint"",""coordinates"":[]}"
1_20230828,2023-08-28,7.096861047024657,,,"{""type"":""MultiPoint"",""coordinates"":[]}"
1_20230829,2023-08-29,0.7448729691864387,,,"{""type"":""MultiPoint"",""coordinates"":[]}"
1_20230830,2023-08-30,7.786380112862397,,,"{""type"":""MultiPoint"",""coordinates"":[]}"
1_20230831,2023-08-31,0.619356082680167,,,"{""type"":""MultiPoint"",""coordinates"":[]}"
1_20230901,2023-09-01,7.819805338148902,,,"{""type"":""MultiPoint"",""coordinates"":[]}"
1_20230902,2023-09-02,14.499878147658187,,,"{""type"":""MultiPoint"",""coordinates"":[]}"
1_20230903,2023-09-03,3.7324053274620512,,,"{""type"":""MultiPoint"",""coordinates"":[]}"
1_20230904,2023-09-04,4.278169557586564,,,"{""type"":""MultiPoint"",""coordinates"":[]}"
1_20230905,2023-09-05,9.03561451324191,,,"{""type"":""MultiPoint"",""coordinates"":[]}"
1_20230906,2023-09-06,3.7431674306950384,,,"{""type"":""MultiPoint"",""coordinates"":[]}"
1_20230907,2023-09-07,0.8415915155060464,,,"{""type"":""MultiPoint"",""coordinates"":[]}"
1_20230908,2023-09-08,7.288114536000332,,,"{""type"":""MultiPoint"",""coordinates"":[]}"
1_20230909,2023-09-09,14.15167641200999,,,"{""type"":""MultiPoint"",""coordinates"":[]}"
1_20230910,2023-09-10,0.010963003530921497,,,"{""type"":""MultiPoint"",""coordinates"":[]}"
1_20230911,2023-09-11,0.018832169060631936,,,"{""type"":""MultiPoint"",""coordinates"":[]}"
1_20230912,2023-09-12,27.397409342778335,,,"{""type"":""MultiPoint"",""coordinates"":[]}"
1_20230913,2023-09-13,2.5699890657774507,,,"{""type"":""MultiPoint"",""coordinates"":[]}"
1_20230914,2023-09-14,0.2318973584615602,,,"{""type"":""MultiPoint"",""coordinates"":[]}"
1_20230915,2023-09-15,9.234953390153402,,,"{""type"":""MultiPoint"",""coordinates"":[]}"
1_20230916,2023-09-16,6.823187502043992,,,"{""type"":""MultiPoint"",""coordinates"":[]}"
1_20230917,2023-09-17,18.19554746977766,,,"{""type"":""MultiPoint"",""coordinates"":[]}"
1_20230918,2023-09-18,0.5935351463342377,,,"{""type"":""MultiPoint"",""coordinates"":[]}"
1_20230919,2023-09-19,6.556890776381179,,,"{""type"":""MultiPoint"",""coordinates"":[]}"
1_20230920,2023-09-20,3.6753920799620365,,,"{""type"":""MultiPoint"",""coordinates"":[]}"
1_20230921,2023-09-21,5.062378684983016,,,"{""type"":""MultiPoint"",""coordinates"":[]}"
1_20230922,2023-09-22,21.139690473109905,,,"{""type"":""MultiPoint"",""coordinates"":[]}"
1_20230923,2023-09-23,1.3195376755753587,,,"{""type"":""MultiPoint"",""coordinates"":[]}"
1_20230924,2023-09-24,1.7424855314361232,,,"{""type"":""MultiPoint"",""coordinates"":[]}"
1_20230925,2023-09-25,2.847920377258639,,,"{""type"":""MultiPoint"",""coordinates"":[]}"
1_20230926,2023-09-26,0.22126765400246515,,,"{""type"":""MultiPoint"",""coordinates"":[]}"
1_20230927,2023-09-27,3.533842735279879,,,"{""type"":""MultiPoint"",""coordinates"":[]}"
1_20230928,2023-09-28,2.8704470468089447,,,"{""type"":""MultiPoint"",""coordinates"":[]}"
1_20230929,2023-09-29,12.613160092629807,,,"{""type"":""MultiPoint"",""coordinates"":[]}"
1_20230930,2023-09-30,1.5961934621560663,,,"{""type"":""MultiPoint"",""coordinates"":[]}"
1_20231001,2023-10-01,4.7358472781887695,,,"{""type"":""MultiPoint"",""coordinates"":[]}"
1_20231002,2023-10-02,4.202302363713707,,,"{""type"":""MultiPoint"",""coordinates"":[]}"
1_20231003,2023-10-03,8.419686495711098,,,"{""type"":""MultiPoint"",""coordinates"":[]}"
1_20231004,2023-10-04,4.7047087660621685,,,"{""type"":""MultiPoint"",""coordinates"":[]}"
1_20231005,2023-10-05,10.680520072484269,,,"{""type"":""MultiPoint"",""coordinates"":[]}"
1_20231006,2023-10-06,5.194500445451617,,,"{""type"":""MultiPoint"",""coordinates"":[]}"
1_20231007,2023-10-07,8.773239060699114,,,"{""type"":""MultiPoint"",""coordinates"":[]}"
1_20231008,2023-10-08,11.277872875310754,,,"{""type"":""MultiPoint"",""coordinates"":[]}"
1_20231009,2023-10-09,3.7636177888707714,,,"{""type"":""MultiPoint"",""coordinates"":[]}"
1_20231010,2023-10-10,10.38017874962828,,,"{""type"":""MultiPoint"",""coordinates"":[]}"
1_20231011,2023-10-11,2.581824074141599,,,"{""type"":""MultiPoint"",""coordinates"":[]}"
1_20231012,2023-10-12,12.332486967882785,,,"{""type"":""MultiPoint"",""coordinates"":[]}"
1_20231013,2023-10-13,5.800023740132362,,,"{""type"":""MultiPoint"",""coordinates"":[]}"
1_20231014,2023-10-14,7.784685164592406,,,"{""type"":""MultiPoint"",""coordinates"":[]}"
1_20231015,2023-10-15,3.8592037973376305,,,"{""type"":""MultiPoint"",""coordinates"":[]}"
1_20231016,2023-10-16,4.00746423167836,,,"{""type"":""MultiPoint"",""coordinates"":[]}"
1_20231017,2023-10-17,12.376701342921512,,,"{""type"":""MultiPoint"",""coordinates"":[]}"
1_20231018,2023-10-18,1.5879415813112219,,,"{""type"":""MultiPoint"",""coordinates"":[]}"
1_20231019,2023-10-19,6.439348888190962,,,"{""type"":""MultiPoint"",""coordinates"":[]}"
1_20231020,2023-10-20,3.502319816107278,,,"{""type"":""MultiPoint"",""coordinates"":[]}"
1_20231021,2023-10-21,2.6773012299013628,,,"{""type"":""MultiPoint"",""coordinates"":[]}"
1_20231022,2023-10-22,4.988062549481667,,,"{""type"":""MultiPoint"",""coordinates"":[]}"
1_20231023,2023-10-23,4.781739602663622,,,"{""type"":""MultiPoint"",""coordinates"":[]}"
1_20231024,2023-10-24,3.132837558536751,,,"{""type"":""MultiPoint"",""coordinates"":[]}"
1_20231025,2023-10-25,1.0108222609296598,,,"{""type"":""MultiPoint"",""coordinates"":[]}"
1_20231026,2023-10-26,2.092837949975479,,,"{""type"":""MultiPoint"",""coordinates"":[]}"
1_20231027,2023-10-27,0.4786111286810082,,,"{""type"":""MultiPoint"",""coordinates"":[]}"
1_20231028,2023-10-28,0.46561949869929936,,,"{""type"":""MultiPoint"",""coordinates"":[]}"
1_20231029,2023-10-29,2.89838034911969,,,"{""type"":""MultiPoint"",""coordinates"":[]}"
1_20231030,2023-10-30,14.411052222929024,,,"{""type"":""MultiPoint"",""coordinates"":[]}"
1_20231031,2023-10-31,3.5691768109045223,,,"{""type"":""MultiPoint"",""coordinates"":[]}"
1_20231101,2023-11-01,0.463802853165084,,,"{""type"":""MultiPoint"",""coordinates"":[]}"
1_20231102,2023-11-02,0.6885493928130088,,,"{""type"":""MultiPoint"",""coordinates"":[]}"
1_20231103,2023-11-03,0.684191873114906,,,"{""type"":""MultiPoint"",""coordinates"":[]}"
1_20231104,2023-11-04,0.5534428025102714,,,"{""type"":""MultiPoint"",""coordinates"":[]}"
1_20231105,2023-11-05,1.447279586155675,,,"{""type"":""MultiPoint"",""coordinates"":[]}"
1_20231106,2023-11-06,5.001541786614989,,,"{""type"":""MultiPoint"",""coordinates"":[]}"
1_20231107,2023-11-07,4.636034775978948,,,"{""type"":""MultiPoint"",""coordinates"":[]}"
1_20231108,2023-11-08,4.1203453358528614,,,"{""type"":""MultiPoint"",""coordinates"":[]}"
1_20231109,2023-11-09,3.9540312303630825,,,"{""type"":""MultiPoint"",""coordinates"":[]}"
1_20231110,2023-11-10,1.3434968099095383,,,"{""type"":""MultiPoint"",""coordinates"":[]}"
1_20231111,2023-11-11,1.7989583571529584,,,"{""type"":""MultiPoint"",""coordinates"":[]}"
1_20231112,2023-11-12,2.2529189600497808,,,"{""type"":""MultiPoint"",""coordinates"":[]}"
1_20231113,2023-11-13,0.7080318153474553,,,"{""type"":""MultiPoint"",""coordinates"":[]}"
1_20231114,2023-11-14,0.17705742797372506,,,"{""type"":""MultiPoint"",""coordinates"":[]}"
1_20231115,2023-11-15,1.278272636246273,,,"{""type"":""MultiPoint"",""coordinates"":[]}"
1_20231116,2023-11-16,1.1607107450035146,,,"{""type"":""MultiPoint"",""coordinates"":[]}"
1_20231117,2023-11-17,0.4249587277063268,,,"{""type"":""MultiPoint"",""coordinates"":[]}"
1_20231118,2023-11-18,1.8184124898903393,,,"{""type"":""MultiPoint"",""coordinates"":[]}"
1_20231119,2023-11-19,0.3239114687137788,,,"{""type"":""MultiPoint"",""coordinates"":[]}"
1_20231120,2023-11-20,0.020974848444442393,,,"{""type"":""MultiPoint"",""coordinates"":[]}"
1_20231121,2023-11-21,0.02750020716158881,,,"{""type"":""MultiPoint"",""coordinates"":[]}"
1_20231122,2023-11-22,0.4436419277067566,,,"{""type"":""MultiPoint"",""coordinates"":[]}"
1_20231123,2023-11-23,0.07746282775361837,,,"{""type"":""MultiPoint"",""coordinates"":[]}"
1_20231124,2023-11-24,3.438235119583689,,,"{""type"":""MultiPoint"",""coordinates"":[]}"
1_20231125,2023-11-25,6.647666147458675,,,"{""type"":""MultiPoint"",""coordinates"":[]}"
1_20231126,2023-11-26,8.93027085708396,,,"{""type"":""MultiPoint"",""coordinates"":[]}"
1_20231127,2023-11-27,0.6613349302392074,,,"{""type"":""MultiPoint"",""coordinates"":[]}"
1_20231128,2023-11-28,3.0262457424007,,,"{""type"":""MultiPoint"",""coordinates"":[]}"
1_20231129,2023-11-29,0.9752351506605985,,,"{""type"":""MultiPoint"",""coordinates"":[]}"
1_20231130,2023-11-30,1.3409590699215819,,,"{""type"":""MultiPoint"",""coordinates"":[]}"
1_20231201,2023-12-01,1.7237765887513268,,,"{""type"":""MultiPoint"",""coordinates"":[]}"
1_20231202,2023-12-02,1.445733044074629,,,"{""type"":""MultiPoint"",""coordinates"":[]}"
1_20231203,2023-12-03,0.014426488014117634,,,"{""type"":""MultiPoint"",""coordinates"":[]}"
1_20231204,2023-12-04,0.01243031113664711,,,"{""type"":""MultiPoint"",""coordinates"":[]}"
1_20231205,2023-12-05,0.2641114318354403,,,"{""type"":""MultiPoint"",""coordinates"":[]}"
1_20231206,2023-12-06,0.0980751424716949,,,"{""type"":""MultiPoint"",""coordinates"":[]}"
1_20231207,2023-12-07,1.8839804925879606,,,"{""type"":""MultiPoint"",""coordinates"":[]}"
1_20231208,2023-12-08,1.0226903003532666,,,"{""type"":""MultiPoint"",""coordinates"":[]}"
1_20231209,2023-12-09,0.011186984475824868,,,"{""type"":""MultiPoint"",""coordinates"":[]}"
1_20231210,2023-12-10,6.488470645198202E-4,,,"{""type"":""MultiPoint"",""coordinates"":[]}"
1_20231211,2023-12-11,0.00637522724899274,,,"{""type"":""MultiPoint"",""coordinates"":[]}"
1_20231212,2023-12-12,0.07359843172415616,,,"{""type"":""MultiPoint"",""coordinates"":[]}"
1_20231213,2023-12-13,0.03539577365137744,,,"{""type"":""MultiPoint"",""coordinates"":[]}"
1_20231214,2023-12-14,0.0,,,"{""type"":""MultiPoint"",""coordinates"":[]}"
1_20231215,2023-12-15,0.004266163186075666,,,"{""type"":""MultiPoint"",""coordinates"":[]}"
1_20231216,2023-12-16,0.09309543086810895,,,"{""type"":""MultiPoint"",""coordinates"":[]}"
1_20231217,2023-12-17,0.08419911611502072,,,"{""type"":""MultiPoint"",""coordinates"":[]}"
1_20231218,2023-12-18,0.03974194812886742,,,"{""type"":""MultiPoint"",""coordinates"":[]}"
1_20231219,2023-12-19,0.03013836243066218,,,"{""type"":""MultiPoint"",""coordinates"":[]}"
1_20231220,2023-12-20,2.5779883738280074E-4,,,"{""type"":""MultiPoint"",""coordinates"":[]}"
1_20231221,2023-12-21,0.0821348294810915,,,"{""type"":""MultiPoint"",""coordinates"":[]}"
1_20231222,2023-12-22,5.704747087610188E-4,,,"{""type"":""MultiPoint"",""coordinates"":[]}"
1_20231223,2023-12-23,0.005267695840366822,,,"{""type"":""MultiPoint"",""coordinates"":[]}"
1_20231224,2023-12-24,0.0,,,"{""type"":""MultiPoint"",""coordinates"":[]}"
1_20231225,2023-12-25,0.03214004810195657,,,"{""type"":""MultiPoint"",""coordinates"":[]}"
1_20231226,2023-12-26,0.10362579845390062,,,"{""type"":""MultiPoint"",""coordinates"":[]}"
1_20231227,2023-12-27,0.0020072778964070307,,,"{""type"":""MultiPoint"",""coordinates"":[]}"
1_20231228,2023-12-28,0.03794500156412264,,,"{""type"":""MultiPoint"",""coordinates"":[]}"
1_20231229,2023-12-29,0.013527561439532683,,,"{""type"":""MultiPoint"",""coordinates"":[]}"
1_20231230,2023-12-30,0.012295951948815552,,,"{""type"":""MultiPoint"",""coordinates"":[]}"
2_20240101,2024-01-01,0.035840839777862385,,,"{""type"":""MultiPoint"",""coordinates"":[]}"
2_20240102,2024-01-02,0.18499668410565204,,,"{""type"":""MultiPoint"",""coordinates"":[]}"
2_20240103,2024-01-03,0.5114364069629926,,,"{""type"":""MultiPoint"",""coordinates"":[]}"
2_20240104,2024-01-04,0.4530867713902874,,,"{""type"":""MultiPoint"",""coordinates"":[]}"
2_20240105,2024-01-05,0.07159057695190797,,,"{""type"":""MultiPoint"",""coordinates"":[]}"
2_20240106,2024-01-06,1.9331690945079245,,,"{""type"":""MultiPoint"",""coordinates"":[]}"
2_20240107,2024-01-07,2.4254091413197396,,,"{""type"":""MultiPoint"",""coordinates"":[]}"
2_20240108,2024-01-08,0.9759753183296943,,,"{""type"":""MultiPoint"",""coordinates"":[]}"
2_20240109,2024-01-09,1.4461830619203793,,,"{""type"":""MultiPoint"",""coordinates"":[]}"
2_20240110,2024-01-10,0.04091945780957006,,,"{""type"":""MultiPoint"",""coordinates"":[]}"
2_20240111,2024-01-11,4.404056082008612E-4,,,"{""type"":""MultiPoint"",""coordinates"":[]}"
2_20240112,2024-01-12,0.09630476733891703,,,"{""type"":""MultiPoint"",""coordinates"":[]}"
2_20240113,2024-01-13,0.014112414069664556,,,"{""type"":""MultiPoint"",""coordinates"":[]}"
2_20240114,2024-01-14,0.07614085016240289,,,"{""type"":""MultiPoint"",""coordinates"":[]}"
2_20240115,2024-01-15,0.031960828330780344,,,"{""type"":""MultiPoint"",""coordinates"":[]}"
2_20240116,2024-01-16,0.1654570524179971,,,"{""type"":""MultiPoint"",""coordinates"":[]}"
2_20240117,2024-01-17,0.0,,,"{""type"":""MultiPoint"",""coordinates"":[]}"
2_20240118,2024-01-18,0.0011934788317218997,,,"{""type"":""MultiPoint"",""coordinates"":[]}"
2_20240119,2024-01-19,0.007758132873710763,,,"{""type"":""MultiPoint"",""coordinates"":[]}"
2_20240120,2024-01-20,0.013792648709325925,,,"{""type"":""MultiPoint"",""coordinates"":[]}"
2_20240121,2024-01-21,0.007948171685368955,,,"{""type"":""MultiPoint"",""coordinates"":[]}"
2_20240122,2024-01-22,0.012180450855683016,,,"{""type"":""MultiPoint"",""coordinates"":[]}"
2_20240123,2024-01-23,0.4414189984303224,,,"{""type"":""MultiPoint"",""coordinates"":[]}"
2_20240124,2024-01-24,0.23521709774081515,,,"{""type"":""MultiPoint"",""coordinates"":[]}"
2_20240125,2024-01-25,0.07738947205751837,,,"{""type"":""MultiPoint"",""coordinates"":[]}"
2_20240126,2024-01-26,0.057828162951995644,,,"{""type"":""MultiPoint"",""coordinates"":[]}"
2_20240127,2024-01-27,0.01973363702052816,,,"{""type"":""MultiPoint"",""coordinates"":[]}"
2_20240128,2024-01-28,0.034537959389036,,,"{""type"":""MultiPoint"",""coordinates"":[]}"
2_20240129,2024-01-29,0.08897957976422717,,,"{""type"":""MultiPoint"",""coordinates"":[]}"
2_20240130,2024-01-30,0.029389406469685457,,,"{""type"":""MultiPoint"",""coordinates"":[]}"
2_20240131,2024-01-31,0.0,,,"{""type"":""MultiPoint"",""coordinates"":[]}"
2_20240201,2024-02-01,0.006628414872463438,,,"{""type"":""MultiPoint"",""coordinates"":[]}"
2_20240202,2024-02-02,0.004011033485575737,,,"{""type"":""MultiPoint"",""coordinates"":[]}"
2_20240203,2024-02-03,0.0,,,"{""type"":""MultiPoint"",""coordinates"":[]}"
2_20240204,2024-02-04,9.76137406918372E-5,,,"{""type"":""MultiPoint"",""coordinates"":[]}"
2_20240205,2024-02-05,0.035086343673291984,,,"{""type"":""MultiPoint"",""coordinates"":[]}"
2_20240206,2024-02-06,0.03809653253873255,,,"{""type"":""MultiPoint"",""coordinates"":[]}"
2_20240207,2024-02-07,8.632179384129926E-4,,,"{""type"":""MultiPoint"",""coordinates"":[]}"
2_20240208,2024-02-08,1.7416503707375116E-4,,,"{""type"":""MultiPoint"",""coordinates"":[]}"
2_20240209,2024-02-09,0.0,,,"{""type"":""MultiPoint"",""coordinates"":[]}"
2_20240210,2024-02-10,0.0,,,"{""type"":""MultiPoint"",""coordinates"":[]}"
2_20240211,2024-02-11,0.001188158077080025,,,"{""type"":""MultiPoint"",""coordinates"":[]}"
2_20240212,2024-02-12,0.0,,,"{""type"":""MultiPoint"",""coordinates"":[]}"
2_20240213,2024-02-13,0.061684987078128896,,,"{""type"":""MultiPoint"",""coordinates"":[]}"
2_20240214,2024-02-14,0.3730428973316961,,,"{""type"":""MultiPoint"",""coordinates"":[]}"
2_20240215,2024-02-15,0.4450476470570828,,,"{""type"":""MultiPoint"",""coordinates"":[]}"
2_20240216,2024-02-16,0.1423252892340715,,,"{""type"":""MultiPoint"",""coordinates"":[]}"
2_20240217,2024-02-17,1.8624104846039018,,,"{""type"":""MultiPoint"",""coordinates"":[]}"
2_20240218,2024-02-18,0.11453422324430838,,,"{""type"":""MultiPoint"",""coordinates"":[]}"
2_20240219,2024-02-19,0.9681890172933787,,,"{""type"":""MultiPoint"",""coordinates"":[]}"
2_20240220,2024-02-20,1.246720485709322,,,"{""type"":""MultiPoint"",""coordinates"":[]}"
2_20240221,2024-02-21,0.20456443797726298,,,"{""type"":""MultiPoint"",""coordinates"":[]}"
2_20240222,2024-02-22,0.4561387111578438,,,"{""type"":""MultiPoint"",""coordinates"":[]}"
2_20240223,2024-02-23,0.3688623332955223,,,"{""type"":""MultiPoint"",""coordinates"":[]}"
2_20240224,2024-02-24,0.6629609445222031,,,"{""type"":""MultiPoint"",""coordinates"":[]}"
2_20240225,2024-02-25,0.04282905397060601,,,"{""type"":""MultiPoint"",""coordinates"":[]}"
2_20240226,2024-02-26,0.020204055900664795,,,"{""type"":""MultiPoint"",""coordinates"":[]}"
2_20240227,2024-02-27,0.15350304640928294,,,"{""type"":""MultiPoint"",""coordinates"":[]}"
2_20240228,2024-02-28,1.5921962907094394,,,"{""type"":""MultiPoint"",""coordinates"":[]}"
2_20240229,2024-02-29,3.4081248452736745,,,"{""type"":""MultiPoint"",""coordinates"":[]}"
2_20240301,2024-03-01,5.579402177709756,,,"{""type"":""MultiPoint"",""coordinates"":[]}"
2_20240302,2024-03-02,5.458450115086515,,,"{""type"":""MultiPoint"",""coordinates"":[]}"
2_20240303,2024-03-03,7.9040863736335165,,,"{""type"":""MultiPoint"",""coordinates"":[]}"
2_20240304,2024-03-04,2.342828848703195,,,"{""type"":""MultiPoint"",""coordinates"":[]}"
2_20240305,2024-03-05,2.1163502844119364,,,"{""type"":""MultiPoint"",""coordinates"":[]}"
2_20240306,2024-03-06,1.35677540744713,,,"{""type"":""MultiPoint"",""coordinates"":[]}"
2_20240307,2024-03-07,6.505961396567729,,,"{""type"":""MultiPoint"",""coordinates"":[]}"
2_20240308,2024-03-08,0.6102074168056035,,,"{""type"":""MultiPoint"",""coordinates"":[]}"
2_20240309,2024-03-09,1.4129476499168823,,,"{""type"":""MultiPoint"",""coordinates"":[]}"
2_20240310,2024-03-10,0.47679970889154233,,,"{""type"":""MultiPoint"",""coordinates"":[]}"
2_20240311,2024-03-11,3.378279035947488,,,"{""type"":""MultiPoint"",""coordinates"":[]}"
2_20240312,2024-03-12,2.3784159093019785,,,"{""type"":""MultiPoint"",""coordinates"":[]}"
2_20240313,2024-03-13,3.6684413537280824,,,"{""type"":""MultiPoint"",""coordinates"":[]}"
2_20240314,2024-03-14,9.507393563471439,,,"{""type"":""MultiPoint"",""coordinates"":[]}"
2_20240315,2024-03-15,3.4583678537975584,,,"{""type"":""MultiPoint"",""coordinates"":[]}"
2_20240316,2024-03-16,4.179337455159012,,,"{""type"":""MultiPoint"",""coordinates"":[]}"
2_20240317,2024-03-17,2.929564393364522,,,"{""type"":""MultiPoint"",""coordinates"":[]}"
2_20240318,2024-03-18,6.838241186966235,,,"{""type"":""MultiPoint"",""coordinates"":[]}"
2_20240319,2024-03-19,8.033055957854078,,,"{""type"":""MultiPoint"",""coordinates"":[]}"
2_20240320,2024-03-20,2.9020841151110623,,,"{""type"":""MultiPoint"",""coordinates"":[]}"
2_20240321,2024-03-21,2.694508981097456,,,"{""type"":""MultiPoint"",""coordinates"":[]}"
2_20240322,2024-03-22,2.8609234335649765,,,"{""type"":""MultiPoint"",""coordinates"":[]}"
2_20240323,2024-03-23,2.01996773837623,,,"{""type"":""MultiPoint"",""coordinates"":[]}"
2_20240324,2024-03-24,4.119794314439044,,,"{""type"":""MultiPoint"",""coordinates"":[]}"
2_20240325,2024-03-25,5.173628661836682,,,"{""type"":""MultiPoint"",""coordinates"":[]}"
2_20240326,2024-03-26,1.5148719906228247,,,"{""type"":""MultiPoint"",""coordinates"":[]}"
2_20240327,2024-03-27,1.2222239754205029,,,"{""type"":""MultiPoint"",""coordinates"":[]}"
2_20240328,2024-03-28,7.485955625301304,,,"{""type"":""MultiPoint"",""coordinates"":[]}"
2_20240329,2024-03-29,5.2203804109913445,,,"{""type"":""MultiPoint"",""coordinates"":[]}"
2_20240330,2024-03-30,2.714789603645246,,,"{""type"":""MultiPoint"",""coordinates"":[]}"
2_20240331,2024-03-31,0.14792005822353715,,,"{""type"":""MultiPoint"",""coordinates"":[]}"
2_20240401,2024-04-01,1.1877081158956975,,,"{""type"":""MultiPoint"",""coordinates"":[]}"
2_20240402,2024-04-02,4.219793696917757,,,"{""type"":""MultiPoint"",""coordinates"":[]}"
2_20240403,2024-04-03,3.8300164357402795,,,"{""type"":""MultiPoint"",""coordinates"":[]}"
2_20240404,2024-04-04,0.3451154452114558,,,"{""type"":""MultiPoint"",""coordinates"":[]}"
2_20240405,2024-04-05,1.4340031677546088,,,"{""type"":""MultiPoint"",""coordinates"":[]}"
2_20240406,2024-04-06,5.138552734558567,,,"{""type"":""MultiPoint"",""coordinates"":[]}"
2_20240407,2024-04-07,3.1021686123502605,,,"{""type"":""MultiPoint"",""coordinates"":[]}"
2_20240408,2024-04-08,4.832081512365963,,,"{""type"":""MultiPoint"",""coordinates"":[]}"
2_20240409,2024-04-09,0.4546034896939892,,,"{""type"":""MultiPoint"",""coordinates"":[]}"
2_20240410,2024-04-10,2.5042997453025793,,,"{""type"":""MultiPoint"",""coordinates"":[]}"
2_20240411,2024-04-11,0.8665709618813183,,,"{""type"":""MultiPoint"",""coordinates"":[]}"
2_20240412,2024-04-12,3.9104092243385193,,,"{""type"":""MultiPoint"",""coordinates"":[]}"
2_20240413,2024-04-13,4.170746117836341,,,"{""type"":""MultiPoint"",""coordinates"":[]}"
2_20240414,2024-04-14,1.6825693060778557,,,"{""type"":""MultiPoint"",""coordinates"":[]}"
2_20240415,2024-04-15,1.358190801257588,,,"{""type"":""MultiPoint"",""coordinates"":[]}"
2_20240416,2024-04-16,7.262778925414026,,,"{""type"":""MultiPoint"",""coordinates"":[]}"
2_20240417,2024-04-17,0.18374126200769797,,,"{""type"":""MultiPoint"",""coordinates"":[]}"
2_20240418,2024-04-18,1.1269281298250127,,,"{""type"":""MultiPoint"",""coordinates"":[]}"
2_20240419,2024-04-19,0.27084133215775935,,,"{""type"":""MultiPoint"",""coordinates"":[]}"
2_20240420,2024-04-20,0.9700519763987371,,,"{""type"":""MultiPoint"",""coordinates"":[]}"
2_20240421,2024-04-21,8.575519409379417,,,"{""type"":""MultiPoint"",""coordinates"":[]}"
2_20240422,2024-04-22,0.46910978771826595,,,"{""type"":""MultiPoint"",""coordinates"":[]}"
2_20240423,2024-04-23,6.7357699170987715,,,"{""type"":""MultiPoint"",""coordinates"":[]}"
2_20240424,2024-04-24,0.43011267222600885,,,"{""type"":""MultiPoint"",""coordinates"":[]}"
2_20240425,2024-04-25,1.3697142966869575,,,"{""type"":""MultiPoint"",""coordinates"":[]}"
2_20240426,2024-04-26,0.3356800149159086,,,"{""type"":""MultiPoint"",""coordinates"":[]}"
2_20240427,2024-04-27,1.7440135056624597,,,"{""type"":""MultiPoint"",""coordinates"":[]}"
2_20240428,2024-04-28,5.948433971651418,,,"{""type"":""MultiPoint"",""coordinates"":[]}"
2_20240429,2024-04-29,4.883205554568668,,,"{""type"":""MultiPoint"",""coordinates"":[]}"
2_20240430,2024-04-30,1.4859834933407277,,,"{""type"":""MultiPoint"",""coordinates"":[]}"
2_20240501,2024-05-01,5.568923791150721,,,"{""type"":""MultiPoint"",""coordinates"":[]}"
2_20240502,2024-05-02,2.1572485535225225,,,"{""type"":""MultiPoint"",""coordinates"":[]}"
2_20240503,2024-05-03,1.418488188493836,,,"{""type"":""MultiPoint"",""coordinates"":[]}"
2_20240504,2024-05-04,0.3658359117940676,,,"{""type"":""MultiPoint"",""coordinates"":[]}"
2_20240505,2024-05-05,1.6727405774638167,,,"{""type"":""MultiPoint"",""coordinates"":[]}"
2_20240506,2024-05-06,4.770714972940154,,,"{""type"":""MultiPoint"",""coordinates"":[]}"
2_20240507,2024-05-07,4.89647094076515,,,"{""type"":""MultiPoint"",""coordinates"":[]}"
2_20240508,2024-05-08,2.5274088792976968,,,"{""type"":""MultiPoint"",""coordinates"":[]}"
2_20240509,2024-05-09,5.514546919964373,,,"{""type"":""MultiPoint"",""coordinates"":[]}"
2_20240510,2024-05-10,3.1542954324220065,,,"{""type"":""MultiPoint"",""coordinates"":[]}"
2_20240511,2024-05-11,7.2656050512731625,,,"{""type"":""MultiPoint"",""coordinates"":[]}"
2_20240512,2024-05-12,5.153787455244268,,,"{""type"":""MultiPoint"",""coordinates"":[]}"
2_20240513,2024-05-13,12.279697207427295,,,"{""type"":""MultiPoint"",""coordinates"":[]}"
2_20240514,2024-05-14,1.343716909002199,,,"{""type"":""MultiPoint"",""coordinates"":[]}"
2_20240515,2024-05-15,4.931732898303578,,,"{""type"":""MultiPoint"",""coordinates"":[]}"
2_20240516,2024-05-16,14.687395104510234,,,"{""type"":""MultiPoint"",""coordinates"":[]}"
2_20240517,2024-05-17,2.1257625260808277,,,"{""type"":""MultiPoint"",""coordinates"":[]}"
2_20240518,2024-05-18,1.598574690211973,,,"{""type"":""MultiPoint"",""coordinates"":[]}"
2_20240519,2024-05-19,0.680729784154434,,,"{""type"":""MultiPoint"",""coordinates"":[]}"
2_20240520,2024-05-20,2.408310177880617,,,"{""type"":""MultiPoint"",""coordinates"":[]}"
2_20240521,2024-05-21,0.16631300170080268,,,"{""type"":""MultiPoint"",""coordinates"":[]}"
2_20240522,2024-05-22,11.671502935774555,,,"{""type"":""MultiPoint"",""coordinates"":[]}"
2_20240523,2024-05-23,0.4245910999911696,,,"{""type"":""MultiPoint"",""coordinates"":[]}"
2_20240524,2024-05-24,0.42442579138068715,,,"{""type"":""MultiPoint"",""coordinates"":[]}"
2_20240525,2024-05-25,13.731608471222087,,,"{""type"":""MultiPoint"",""coordinates"":[]}"
2_20240526,2024-05-26,1.8229131555272526,,,"{""type"":""MultiPoint"",""coordinates"":[]}"
2_20240527,2024-05-27,0.36661272860555344,,,"{""type"":""MultiPoint"",""coordinates"":[]}"
2_20240528,2024-05-28,0.18317767728011178,,,"{""type"":""MultiPoint"",""coordinates"":[]}"
2_20240529,2024-05-29,0.6094690915363044,,,"{""type"":""MultiPoint"",""coordinates"":[]}"
2_20240530,2024-05-30,11.401883506921742,,,"{""type"":""MultiPoint"",""coordinates"":[]}"
2_20240531,2024-05-31,9.137733979077323,,,"{""type"":""MultiPoint"",""coordinates"":[]}"
2_20240601,2024-06-01,5.639624468942164,,,"{""type"":""MultiPoint"",""coordinates"":[]}"
2_20240602,2024-06-02,7.35992899427529,,,"{""type"":""MultiPoint"",""coordinates"":[]}"
2_20240603,2024-06-03,2.0990790682674842,,,"{""type"":""MultiPoint"",""coordinates"":[]}"
2_20240604,2024-06-04,5.657812436099971,,,"{""type"":""MultiPoint"",""coordinates"":[]}"
2_20240605,2024-06-05,5.680180972579686,,,"{""type"":""MultiPoint"",""coordinates"":[]}"
2_20240606,2024-06-06,2.162647341831302,,,"{""type"":""MultiPoint"",""coordinates"":[]}"
2_20240607,2024-06-07,12.435761723562404,,,"{""type"":""MultiPoint"",""coordinates"":[]}"
2_20240608,2024-06-08,4.366433775702084,,,"{""type"":""MultiPoint"",""coordinates"":[]}"
2_20240609,2024-06-09,1.9485166901281736,,,"{""type"":""MultiPoint"",""coordinates"":[]}"
2_20240610,2024-06-10,6.1489270874673645,,,"{""type"":""MultiPoint"",""coordinates"":[]}"
2_20240611,2024-06-11,2.795824530536764,,,"{""type"":""MultiPoint"",""coordinates"":[]}"
2_20240612,2024-06-12,2.6135216679525723,,,"{""type"":""MultiPoint"",""coordinates"":[]}"
2_20240613,2024-06-13,11.897877219164378,,,"{""type"":""MultiPoint"",""coordinates"":[]}"
2_20240614,2024-06-14,8.15280106194634,,,"{""type"":""MultiPoint"",""coordinates"":[]}"
2_20240615,2024-06-15,5.164120413289575,,,"{""type"":""MultiPoint"",""coordinates"":[]}"
2_20240616,2024-06-16,8.266471721876977,,,"{""type"":""MultiPoint"",""coordinates"":[]}"
2_20240617,2024-06-17,4.481668631512434,,,"{""type"":""MultiPoint"",""coordinates"":[]}"
2_20240618,2024-06-18,4.346884061526291,,,"{""type"":""MultiPoint"",""coordinates"":[]}"
2_20240619,2024-06-19,7.852229939781469,,,"{""type"":""MultiPoint"",""coordinates"":[]}"
2_20240620,2024-06-20,11.703957055739826,,,"{""type"":""MultiPoint"",""coordinates"":[]}"
2_20240621,2024-06-21,9.825167295007928,,,"{""type"":""MultiPoint"",""coordinates"":[]}"
2_20240622,2024-06-22,1.347237061168551,,,"{""type"":""MultiPoint"",""coordinates"":[]}"
2_20240623,2024-06-23,0.6006674033868701,,,"{""type"":""MultiPoint"",""coordinates"":[]}"
2_20240624,2024-06-24,7.872542323727625,,,"{""type"":""MultiPoint"",""coordinates"":[]}"
2_20240625,2024-06-25,11.997707097399399,,,"{""type"":""MultiPoint"",""coordinates"":[]}"
2_20240626,2024-06-26,6.9767335047771555,,,"{""type"":""MultiPoint"",""coordinates"":[]}"
2_20240627,2024-06-27,10.80885489496126,,,"{""type"":""MultiPoint"",""coordinates"":[]}"
2_20240628,2024-06-28,5.555282322596464,,,"{""type"":""MultiPoint"",""coordinates"":[]}"
2_20240629,2024-06-29,14.164323785439324,,,"{""type"":""MultiPoint"",""coordinates"":[]}"
2_20240630,2024-06-30,13.194105334560076,,,"{""type"":""MultiPoint"",""coordinates"":[]}"
2_20240701,2024-07-01,0.9325429350442113,,,"{""type"":""MultiPoint"",""coordinates"":[]}"
2_20240702,2024-07-02,2.1601739325096827,,,"{""type"":""MultiPoint"",""coordinates"":[]}"
2_20240703,2024-07-03,17.97291158720607,,,"{""type"":""MultiPoint"",""coordinates"":[]}"
2_20240704,2024-07-04,0.6226055947804012,,,"{""type"":""MultiPoint"",""coordinates"":[]}"
2_20240705,2024-07-05,0.8398468696675758,,,"{""type"":""MultiPoint"",""coordinates"":[]}"
2_20240706,2024-07-06,7.952817439027494,,,"{""type"":""MultiPoint"",""coordinates"":[]}"
2_20240707,2024-07-07,3.3184929111846695,,,"{""type"":""MultiPoint"",""coordinates"":[]}"
2_20240708,2024-07-08,10.900670966260735,,,"{""type"":""MultiPoint"",""coordinates"":[]}"
2_20240709,2024-07-09,12.500528155639575,,,"{""type"":""MultiPoint"",""coordinates"":[]}"
2_20240710,2024-07-10,0.5222904787702662,,,"{""type"":""MultiPoint"",""coordinates"":[]}"
2_20240711,2024-07-11,12.694239656756393,,,"{""type"":""MultiPoint"",""coordinates"":[]}"
2_20240712,2024-07-12,1.4170825756442127,,,"{""type"":""MultiPoint"",""coordinates"":[]}"
2_20240713,2024-07-13,0.07393402835300883,,,"{""type"":""MultiPoint"",""coordinates"":[]}"
2_20240714,2024-07-14,0.5080077268070845,,,"{""type"":""MultiPoint"",""coordinates"":[]}"
2_20240715,2024-07-15,1.6254386091863202,,,"{""type"":""MultiPoint"",""coordinates"":[]}"
2_20240716,2024-07-16,2.6507738035768513,,,"{""type"":""MultiPoint"",""coordinates"":[]}"
2_20240717,2024-07-17,3.775418045839862,,,"{""type"":""MultiPoint"",""coordinates"":[]}"
2_20240718,2024-07-18,0.9700222871002391,,,"{""type"":""MultiPoint"",""coordinates"":[]}"
2_20240719,2024-07-19,0.0,,,"{""type"":""MultiPoint"",""coordinates"":[]}"
2_20240720,2024-07-20,4.511813728312829,,,"{""type"":""MultiPoint"",""coordinates"":[]}"
2_20240721,2024-07-21,0.30285830572494554,,,"{""type"":""MultiPoint"",""coordinates"":[]}"
2_20240722,2024-07-22,0.003029662935354305,,,"{""type"":""MultiPoint"",""coordinates"":[]}"
2_20240723,2024-07-23,1.8171367214054102,,,"{""type"":""MultiPoint"",""coordinates"":[]}"
2_20240724,2024-07-24,0.018953071527959494,,,"{""type"":""MultiPoint"",""coordinates"":[]}"
2_20240725,2024-07-25,0.03812286985990148,,,"{""type"":""MultiPoint"",""coordinates"":[]}"
2_20240726,2024-07-26,0.07108438840700672,,,"{""type"":""MultiPoint"",""coordinates"":[]}"
2_20240727,2024-07-27,0.036082776349369364,,,"{""type"":""MultiPoint"",""coordinates"":[]}"
2_20240728,2024-07-28,4.716154829248047,,,"{""type"":""MultiPoint"",""coordinates"":[]}"
2_20240729,2024-07-29,2.6944451251802497,,,"{""type"":""MultiPoint"",""coordinates"":[]}"
2_20240730,2024-07-30,0.08479691431979686,,,"{""type"":""MultiPoint"",""coordinates"":[]}"
2_20240731,2024-07-31,0.009971718248380015,,,"{""type"":""MultiPoint"",""coordinates"":[]}"
2_20240801,2024-08-01,0.17253513807981835,,,"{""type"":""MultiPoint"",""coordinates"":[]}"
2_20240802,2024-08-02,0.06282916827112738,,,"{""type"":""MultiPoint"",""coordinates"":[]}"
2_20240803,2024-08-03,0.1471621460692335,,,"{""type"":""MultiPoint"",""coordinates"":[]}"
2_20240804,2024-08-04,0.01936389176222926,,,"{""type"":""MultiPoint"",""coordinates"":[]}"
2_20240805,2024-08-05,0.045833490013092636,,,"{""type"":""MultiPoint"",""coordinates"":[]}"
2_20240806,2024-08-06,0.03568853937034047,,,"{""type"":""MultiPoint"",""coordinates"":[]}"
2_20240807,2024-08-07,2.133773941730754,,,"{""type"":""MultiPoint"",""coordinates"":[]}"
2_20240808,2024-08-08,0.23965535083847414,,,"{""type"":""MultiPoint"",""coordinates"":[]}"
2_20240809,2024-08-09,0.0,,,"{""type"":""MultiPoint"",""coordinates"":[]}"
2_20240810,2024-08-10,0.7085401667304819,,,"{""type"":""MultiPoint"",""coordinates"":[]}"
2_20240811,2024-08-11,1.6625840618894998,,,"{""type"":""MultiPoint"",""coordinates"":[]}"
2_20240812,2024-08-12,3.06846752224513,,,"{""type"":""MultiPoint"",""coordinates"":[]}"
2_20240813,2024-08-13,2.7385763554887115,,,"{""type"":""MultiPoint"",""coordinates"":[]}"
2_20240814,2024-08-14,9.774386214284033E-4,,,"{""type"":""MultiPoint"",""coordinates"":[]}"
2_20240815,2024-08-15,0.004446322976492588,,,"{""type"":""MultiPoint"",""coordinates"":[]}"
2_20240816,2024-08-16,5.953338610336412,,,"{""type"":""MultiPoint"",""coordinates"":[]}"
2_20240817,2024-08-17,3.838772705648806,,,"{""type"":""MultiPoint"",""coordinates"":[]}"
2_20240818,2024-08-18,0.03885210817517086,,,"{""type"":""MultiPoint"",""coordinates"":[]}"
2_20240819,2024-08-19,9.357576276868992,,,"{""type"":""MultiPoint"",""coordinates"":[]}"
2_20240820,2024-08-20,14.76121060995859,,,"{""type"":""MultiPoint"",""coordinates"":[]}"
2_20240821,2024-08-21,3.6703399418046407,,,"{""type"":""MultiPoint"",""coordinates"":[]}"
2_20240822,2024-08-22,1.5476139535392783,,,"{""type"":""MultiPoint"",""coordinates"":[]}"
2_20240823,2024-08-23,6.604156625013634,,,"{""type"":""MultiPoint"",""coordinates"":[]}"
2_20240824,2024-08-24,10.625073160256205,,,"{""type"":""MultiPoint"",""coordinates"":[]}"
2_20240825,2024-08-25,2.1552875153320747,,,"{""type"":""MultiPoint"",""coordinates"":[]}"
2_20240826,2024-08-26,2.9707223084032104,,,"{""type"":""MultiPoint"",""coordinates"":[]}"
2_20240827,2024-08-27,8.735776455866135,,,"{""type"":""MultiPoint"",""coordinates"":[]}"
2_20240828,2024-08-28,3.384169765402549,,,"{""type"":""MultiPoint"",""coordinates"":[]}"
2_20240829,2024-08-29,3.1294200065770537,,,"{""type"":""MultiPoint"",""coordinates"":[]}"
2_20240830,2024-08-30,12.415875083101772,,,"{""type"":""MultiPoint"",""coordinates"":[]}"
2_20240831,2024-08-31,8.278066909133287,,,"{""type"":""MultiPoint"",""coordinates"":[]}"
2_20240901,2024-09-01,0.12786696982019852,,,"{""type"":""MultiPoint"",""coordinates"":[]}"
2_20240902,2024-09-02,4.329580339429831E-4,,,"{""type"":""MultiPoint"",""coordinates"":[]}"
2_20240903,2024-09-03,0.09970074101165495,,,"{""type"":""MultiPoint"",""coordinates"":[]}"
2_20240904,2024-09-04,0.8618945250642974,,,"{""type"":""MultiPoint"",""coordinates"":[]}"
2_20240905,2024-09-05,0.019515084110009247,,,"{""type"":""MultiPoint"",""coordinates"":[]}"
2_20240906,2024-09-06,0.14629473382979705,,,"{""type"":""MultiPoint"",""coordinates"":[]}"
2_20240907,2024-09-07,7.630043138897021,,,"{""type"":""MultiPoint"",""coordinates"":[]}"
2_20240908,2024-09-08,0.9995260245326186,,,"{""type"":""MultiPoint"",""coordinates"":[]}"
2_20240909,2024-09-09,0.35712574738894576,,,"{""type"":""MultiPoint"",""coordinates"":[]}"
2_20240910,2024-09-10,8.781151177314916,,,"{""type"":""MultiPoint"",""coordinates"":[]}"
2_20240911,2024-09-11,2.717604807921211,,,"{""type"":""MultiPoint"",""coordinates"":[]}"
2_20240912,2024-09-12,3.05908702947154,,,"{""type"":""MultiPoint"",""coordinates"":[]}"
2_20240913,2024-09-13,4.2884373784637715,,,"{""type"":""MultiPoint"",""coordinates"":[]}"
2_20240914,2024-09-14,9.327206531518511,,,"{""type"":""MultiPoint"",""coordinates"":[]}"
2_20240915,2024-09-15,4.465018472874759,,,"{""type"":""MultiPoint"",""coordinates"":[]}"
2_20240916,2024-09-16,1.2240142455222942,,,"{""type"":""MultiPoint"",""coordinates"":[]}"
2_20240917,2024-09-17,7.327657298300831,,,"{""type"":""MultiPoint"",""coordinates"":[]}"
2_20240918,2024-09-18,10.09916200996274,,,"{""type"":""MultiPoint"",""coordinates"":[]}"
2_20240919,2024-09-19,1.5129530890929876,,,"{""type"":""MultiPoint"",""coordinates"":[]}"
2_20240920,2024-09-20,3.176733502905749,,,"{""type"":""MultiPoint"",""coordinates"":[]}"
2_20240921,2024-09-21,2.4547675352259537,,,"{""type"":""MultiPoint"",""coordinates"":[]}"
2_20240922,2024-09-22,4.6199343477490045,,,"{""type"":""MultiPoint"",""coordinates"":[]}"
2_20240923,2024-09-23,2.820617354577929,,,"{""type"":""MultiPoint"",""coordinates"":[]}"
2_20240924,2024-09-24,2.0540541349404644,,,"{""type"":""MultiPoint"",""coordinates"":[]}"
2_20240925,2024-09-25,19.83959089541864,,,"{""type"":""MultiPoint"",""coordinates"":[]}"
2_20240926,2024-09-26,12.14098755689005,,,"{""type"":""MultiPoint"",""coordinates"":[]}"
2_20240927,2024-09-27,5.026588860023112,,,"{""type"":""MultiPoint"",""coordinates"":[]}"
2_20240928,2024-09-28,6.842630521742994,,,"{""type"":""MultiPoint"",""coordinates"":[]}"
2_20240929,2024-09-29,7.423669016435621,,,"{""type"":""MultiPoint"",""coordinates"":[]}"
2_20240930,2024-09-30,5.173781675652339,,,"{""type"":""MultiPoint"",""coordinates"":[]}"
2_20241001,2024-10-01,8.707493867025025,,,"{""type"":""MultiPoint"",""coordinates"":[]}"
2_20241002,2024-10-02,3.9250728070857335,,,"{""type"":""MultiPoint"",""coordinates"":[]}"
2_20241003,2024-10-03,6.053020471425792,,,"{""type"":""MultiPoint"",""coordinates"":[]}"
2_20241004,2024-10-04,5.129723923851939,,,"{""type"":""MultiPoint"",""coordinates"":[]}"
2_20241005,2024-10-05,24.210554377527338,,,"{""type"":""MultiPoint"",""coordinates"":[]}"
2_20241006,2024-10-06,8.658083598051874,,,"{""type"":""MultiPoint"",""coordinates"":[]}"
2_20241007,2024-10-07,10.931961035028431,,,"{""type"":""MultiPoint"",""coordinates"":[]}"
2_20241008,2024-10-08,12.571869415895403,,,"{""type"":""MultiPoint"",""coordinates"":[]}"
2_20241009,2024-10-09,14.950400978154757,,,"{""type"":""MultiPoint"",""coordinates"":[]}"
2_20241010,2024-10-10,2.1590275265539094,,,"{""type"":""MultiPoint"",""coordinates"":[]}"
2_20241011,2024-10-11,8.116097729114122,,,"{""type"":""MultiPoint"",""coordinates"":[]}"
2_20241012,2024-10-12,5.318013346165133,,,"{""type"":""MultiPoint"",""coordinates"":[]}"
2_20241013,2024-10-13,11.978863883528836,,,"{""type"":""MultiPoint"",""coordinates"":[]}"
2_20241014,2024-10-14,4.7956225650395545,,,"{""type"":""MultiPoint"",""coordinates"":[]}"
2_20241015,2024-10-15,2.27743327146187,,,"{""type"":""MultiPoint"",""coordinates"":[]}"
2_20241016,2024-10-16,4.753980424766241,,,"{""type"":""MultiPoint"",""coordinates"":[]}"
2_20241017,2024-10-17,16.000206146641872,,,"{""type"":""MultiPoint"",""coordinates"":[]}"
2_20241018,2024-10-18,1.447787069116074,,,"{""type"":""MultiPoint"",""coordinates"":[]}"
2_20241019,2024-10-19,5.105321452045767,,,"{""type"":""MultiPoint"",""coordinates"":[]}"
2_20241020,2024-10-20,3.184587263977971,,,"{""type"":""MultiPoint"",""coordinates"":[]}"
2_20241021,2024-10-21,3.5264394716351375,,,"{""type"":""MultiPoint"",""coordinates"":[]}"
2_20241022,2024-10-22,8.737300659376208,,,"{""type"":""MultiPoint"",""coordinates"":[]}"
2_20241023,2024-10-23,3.472644945852147,,,"{""type"":""MultiPoint"",""coordinates"":[]}"
2_20241024,2024-10-24,7.385321406100752,,,"{""type"":""MultiPoint"",""coordinates"":[]}"
2_20241025,2024-10-25,6.302667607573233,,,"{""type"":""MultiPoint"",""coordinates"":[]}"
2_20241026,2024-10-26,5.361651192666085,,,"{""type"":""MultiPoint"",""coordinates"":[]}"
2_20241027,2024-10-27,5.342137956170019,,,"{""type"":""MultiPoint"",""coordinates"":[]}"
2_20241028,2024-10-28,7.119243616519839,,,"{""type"":""MultiPoint"",""coordinates"":[]}"
2_20241029,2024-10-29,6.815666621393876,,,"{""type"":""MultiPoint"",""coordinates"":[]}"
2_20241030,2024-10-30,3.397672648307977,,,"{""type"":""MultiPoint"",""coordinates"":[]}"
2_20241031,2024-10-31,2.7845895021375227,,,"{""type"":""MultiPoint"",""coordinates"":[]}"
2_20241101,2024-11-01,0.46522932443600573,,,"{""type"":""MultiPoint"",""coordinates"":[]}"
2_20241102,2024-11-02,0.36663657391471377,,,"{""type"":""MultiPoint"",""coordinates"":[]}"
2_20241103,2024-11-03,1.2785568254827908,,,"{""type"":""MultiPoint"",""coordinates"":[]}"
2_20241104,2024-11-04,3.6470595025254786,,,"{""type"":""MultiPoint"",""coordinates"":[]}"
2_20241105,2024-11-05,1.7630777379863432,,,"{""type"":""MultiPoint"",""coordinates"":[]}"
2_20241106,2024-11-06,0.04891632258161937,,,"{""type"":""MultiPoint"",""coordinates"":[]}"
2_20241107,2024-11-07,2.264361254432236,,,"{""type"":""MultiPoint"",""coordinates"":[]}"
2_20241108,2024-11-08,1.6939135912060217,,,"{""type"":""MultiPoint"",""coordinates"":[]}"
2_20241109,2024-11-09,0.5285994581074009,,,"{""type"":""MultiPoint"",""coordinates"":[]}"
2_20241110,2024-11-10,2.375597206836565,,,"{""type"":""MultiPoint"",""coordinates"":[]}"
2_20241111,2024-11-11,0.7621828015052647,,,"{""type"":""MultiPoint"",""coordinates"":[]}"
2_20241112,2024-11-12,1.551105821675788,,,"{""type"":""MultiPoint"",""coordinates"":[]}"
2_20241113,2024-11-13,1.485693848999463,,,"{""type"":""MultiPoint"",""coordinates"":[]}"
2_20241114,2024-11-14,3.49429377891196,,,"{""type"":""MultiPoint"",""coordinates"":[]}"
2_20241115,2024-11-15,4.202626138437239,,,"{""type"":""MultiPoint"",""coordinates"":[]}"
2_20241116,2024-11-16,1.392307631974498,,,"{""type"":""MultiPoint"",""coordinates"":[]}"
2_20241117,2024-11-17,0.03414969519112011,,,"{""type"":""MultiPoint"",""coordinates"":[]}"
2_20241118,2024-11-18,0.33082560451180104,,,"{""type"":""MultiPoint"",""coordinates"":[]}"
2_20241119,2024-11-19,0.6894134188017281,,,"{""type"":""MultiPoint"",""coordinates"":[]}"
2_20241120,2024-11-20,0.142526622004345,,,"{""type"":""MultiPoint"",""coordinates"":[]}"
2_20241121,2024-11-21,0.0327948724785467,,,"{""type"":""MultiPoint"",""coordinates"":[]}"
2_20241122,2024-11-22,0.31702985410167883,,,"{""type"":""MultiPoint"",""coordinates"":[]}"
2_20241123,2024-11-23,1.772035939213211,,,"{""type"":""MultiPoint"",""coordinates"":[]}"
2_20241124,2024-11-24,0.006670645665903474,,,"{""type"":""MultiPoint"",""coordinates"":[]}"
2_20241125,2024-11-25,0.07852394287987448,,,"{""type"":""MultiPoint"",""coordinates"":[]}"
2_20241126,2024-11-26,0.26132734055802265,,,"{""type"":""MultiPoint"",""coordinates"":[]}"
2_20241127,2024-11-27,0.13421496714753112,,,"{""type"":""MultiPoint"",""coordinates"":[]}"
2_20241128,2024-11-28,0.07450490835616642,,,"{""type"":""MultiPoint"",""coordinates"":[]}"
2_20241129,2024-11-29,0.02988243449914471,,,"{""type"":""MultiPoint"",""coordinates"":[]}"
2_20241130,2024-11-30,0.2368136056373115,,,"{""type"":""MultiPoint"",""coordinates"":[]}"
2_20241201,2024-12-01,0.3872390758661303,,,"{""type"":""MultiPoint"",""coordinates"":[]}"
2_20241202,2024-12-02,8.802041911810402E-6,,,"{""type"":""MultiPoint"",""coordinates"":[]}"
2_20241203,2024-12-03,0.27403080030202537,,,"{""type"":""MultiPoint"",""coordinates"":[]}"
2_20241204,2024-12-04,0.22402337303830966,,,"{""type"":""MultiPoint"",""coordinates"":[]}"
2_20241205,2024-12-05,0.1772390560921389,,,"{""type"":""MultiPoint"",""coordinates"":[]}"
2_20241206,2024-12-06,0.1335184076148942,,,"{""type"":""MultiPoint"",""coordinates"":[]}"
2_20241207,2024-12-07,0.23268540782024272,,,"{""type"":""MultiPoint"",""coordinates"":[]}"
2_20241208,2024-12-08,0.2529760017856079,,,"{""type"":""MultiPoint"",""coordinates"":[]}"
2_20241209,2024-12-09,0.5088354862803731,,,"{""type"":""MultiPoint"",""coordinates"":[]}"
2_20241210,2024-12-10,0.03352348394241937,,,"{""type"":""MultiPoint"",""coordinates"":[]}"
2_20241211,2024-12-11,0.007919775519657578,,,"{""type"":""MultiPoint"",""coordinates"":[]}"
2_20241212,2024-12-12,0.4383925941466887,,,"{""type"":""MultiPoint"",""coordinates"":[]}"
2_20241213,2024-12-13,0.17428558189842946,,,"{""type"":""MultiPoint"",""coordinates"":[]}"
2_20241214,2024-12-14,0.0,,,"{""type"":""MultiPoint"",""coordinates"":[]}"
2_20241215,2024-12-15,0.0,,,"{""type"":""MultiPoint"",""coordinates"":[]}"
2_20241216,2024-12-16,0.0,,,"{""type"":""MultiPoint"",""coordinates"":[]}"
2_20241217,2024-12-17,0.022782672266572813,,,"{""type"":""MultiPoint"",""coordinates"":[]}"
2_20241218,2024-12-18,0.017247305993325544,,,"{""type"":""MultiPoint"",""coordinates"":[]}"
2_20241219,2024-12-19,0.1537500834979027,,,"{""type"":""MultiPoint"",""coordinates"":[]}"
2_20241220,2024-12-20,0.010621556951111452,,,"{""type"":""MultiPoint"",""coordinates"":[]}"
2_20241221,2024-12-21,0.25196669595951016,,,"{""type"":""MultiPoint"",""coordinates"":[]}"
2_20241222,2024-12-22,0.0,,,"{""type"":""MultiPoint"",""coordinates"":[]}"
2_20241223,2024-12-23,0.0737637396310426,,,"{""type"":""MultiPoint"",""coordinates"":[]}"
2_20241224,2024-12-24,0.002087586689101667,,,"{""type"":""MultiPoint"",""coordinates"":[]}"
2_20241225,2024-12-25,0.05348683839763819,,,"{""type"":""MultiPoint"",""coordinates"":[]}"
2_20241226,2024-12-26,0.031005273991202925,,,"{""type"":""MultiPoint"",""coordinates"":[]}"
2_20241227,2024-12-27,0.0383696566962525,,,"{""type"":""MultiPoint"",""coordinates"":[]}"
2_20241228,2024-12-28,0.047462079494402364,,,"{""type"":""MultiPoint"",""coordinates"":[]}"
2_20241229,2024-12-29,0.0028528161545421623,,,"{""type"":""MultiPoint"",""coordinates"":[]}"
2_20241230,2024-12-30,0.1953900301080389,,,"{""type"":""MultiPoint"",""coordinates"":[]}"
